"ID","Sex","Marital.status","Age","Education","Income","Occupation","Settlement.size"
37472,0,0,25,0,92058,1,2
25920,1,0,39,1,125543,1,0
81383,1,1,27,1,110064,1,2
51367,1,0,24,1,104291,1,0
22122,0,0,75,2,213333,2,1
55257,1,1,23,1,166763,1,1
10124,0,1,27,1,96323,1,0
85763,1,1,59,2,184753,1,1
69456,0,0,27,0,236264,1,1
17039,1,0,33,1,103696,1,1
65628,1,1,32,1,94058,0,0
53401,0,0,53,1,124902,1,0
8268,0,1,33,1,144701,1,1
85489,0,0,60,2,129425,1,1
52800,1,1,49,2,110291,1,2
23083,1,1,28,1,123497,1,0
97054,1,0,48,2,118749,0,0
30104,1,1,20,1,127928,1,2
64984,0,0,37,1,111394,1,1
16111,1,1,27,1,100008,1,0
19169,0,0,57,2,87605,0,0
86293,1,1,24,1,127250,1,0
37612,1,1,23,1,129112,1,0
817,0,0,32,0,155012,1,1
27748,1,1,19,1,111187,0,0
92667,1,1,36,1,75536,0,0
53882,1,1,46,2,143489,1,1
72375,0,0,29,0,149249,1,2
14441,0,0,57,2,281647,2,1
74058,1,1,33,1,133561,1,1
10101,0,0,44,1,144900,1,1
81691,1,1,29,1,75161,0,0
46502,0,0,51,1,124183,0,0
21483,0,1,27,1,100392,1,0
85264,1,1,34,1,125843,0,0
61754,1,1,46,2,113399,0,0
92889,1,1,35,1,138387,2,1
86469,0,1,18,1,98992,1,1
94075,0,0,26,0,117221,1,1
23900,0,1,47,2,132145,1,1
29604,0,0,33,1,82414,0,0
81257,1,1,26,1,87400,0,0
53834,0,0,36,1,135302,1,2
61632,1,0,49,1,102463,0,0
79808,1,0,30,0,106696,1,0
12989,0,0,33,1,116261,1,2
46381,0,1,21,1,158683,1,1
74693,0,1,33,1,125535,1,2
58195,0,0,36,1,128702,1,2
9241,0,0,68,2,179151,1,2
8722,0,0,56,2,126906,1,1
83380,1,1,29,1,102250,1,0
70085,0,1,22,1,132796,1,0
67407,1,1,33,1,133542,1,0
77378,0,0,35,1,97290,1,0
71889,1,0,40,1,67619,0,0
73087,0,0,23,0,70783,0,0
48904,0,0,30,1,154003,0,1
46656,0,0,37,1,170146,2,0
76826,0,0,36,1,169617,2,1
89864,1,1,29,1,133783,2,1
3787,0,1,27,1,123213,1,2
16415,0,0,35,1,110181,0,2
40109,1,1,28,1,138952,1,1
7651,0,0,37,1,106978,1,2
33291,0,1,33,3,166712,1,2
97383,0,0,44,1,141493,1,2
27070,1,1,37,1,129027,0,0
33833,0,0,27,0,255198,2,2
48963,1,1,34,1,126334,1,0
40236,0,0,57,2,135830,1,1
68152,1,1,29,1,128234,1,2
10736,0,0,54,1,116604,1,1
98981,0,0,36,1,177171,2,2
38447,0,0,29,0,144884,2,2
81363,1,1,24,1,101157,1,1
49123,0,0,54,1,124725,1,0
72590,1,1,31,1,80189,0,0
70146,0,0,45,1,190803,2,2
21337,1,0,29,0,80852,0,0
10894,0,0,37,1,93740,0,0
51139,1,1,34,1,127255,1,0
83242,1,1,22,1,120233,1,0
15722,1,1,26,1,125880,1,0
77001,0,0,31,0,133574,2,1
32199,1,0,42,1,69114,0,0
63094,1,1,22,1,150773,1,2
51240,1,1,39,2,106461,1,0
25555,0,0,54,1,165230,1,2
75197,0,0,32,0,161379,1,2
62783,1,1,20,1,91177,0,0
40386,1,1,22,1,68165,0,0
52939,1,1,33,1,104276,1,2
25215,0,0,29,0,176292,2,1
45217,0,0,31,0,113757,1,0
77143,1,1,25,1,94905,1,0
16601,1,0,27,1,97192,1,0
2242,0,0,38,1,117405,1,1
73905,0,1,26,1,96716,1,2
98882,1,1,27,1,54041,0,0
78675,1,1,25,1,61907,0,0
33727,1,1,20,1,88141,0,0
56719,0,0,45,1,171565,1,1
86477,1,0,37,1,107539,1,1
57998,0,1,49,2,144461,1,2
78646,0,0,25,0,60868,0,0
17242,1,1,26,1,102543,1,1
88570,0,0,40,1,99723,0,0
12892,1,1,19,1,99119,1,0
79756,0,0,40,1,143723,2,1
51223,0,0,43,1,119351,1,2
90980,0,0,24,0,70400,0,0
67137,0,0,38,1,151312,2,1
56990,0,1,26,1,103667,1,2
50222,0,0,35,1,113468,0,0
91581,0,0,42,1,81606,0,0
48581,0,0,73,2,214732,2,1
50695,1,1,24,1,65707,0,0
68116,0,0,32,0,100426,1,2
57864,0,0,37,1,102733,1,1
13181,0,0,35,1,86492,0,0
96018,1,1,23,1,152267,2,1
82392,1,1,51,2,127825,1,0
68401,0,0,38,1,82398,1,1
48236,1,1,29,1,99012,1,0
81439,1,1,33,1,106741,0,0
84074,1,0,30,1,139468,1,1
32605,0,1,60,2,212020,2,0
15370,1,0,39,1,96614,0,0
58724,0,0,37,1,127676,1,1
13629,0,0,29,0,133436,1,1
11885,1,1,55,2,171804,2,2
87464,1,1,46,2,192561,2,1
8423,1,1,24,1,110137,1,1
92338,1,1,24,1,100733,1,0
73853,0,0,39,1,151697,0,0
7113,0,1,32,1,155540,2,1
97964,0,0,72,2,224961,2,2
15000,0,0,26,0,115451,1,0
28534,0,1,26,1,118820,1,1
78700,0,0,34,1,180617,2,2
64916,0,0,53,1,158193,1,1
94366,0,0,38,1,152864,1,2
96861,1,0,31,1,143321,2,1
81210,0,0,60,2,136671,1,1
55411,1,1,25,1,100794,1,2
92626,0,0,31,0,130973,1,2
80140,0,1,31,1,81987,0,0
80718,1,0,47,1,110287,1,0
19441,0,0,27,0,73265,0,0
18403,0,1,26,1,120389,1,1
88133,1,1,29,1,88669,0,0
96542,0,0,45,1,136129,1,1
7905,0,0,53,1,121970,0,0
25432,0,0,37,1,106215,1,0
67574,0,1,20,1,93634,1,0
42767,1,1,61,2,135070,1,1
28503,0,0,54,1,111274,1,1
43491,0,1,35,1,154585,2,2
84863,0,0,45,1,78253,0,0
86215,1,1,33,1,155569,2,1
18629,1,1,30,1,121327,1,0
20995,0,0,39,1,93567,0,0
53236,1,1,23,1,103244,1,0
83725,1,1,37,1,78840,0,0
47513,1,1,56,2,132752,1,0
18798,0,1,24,1,81210,0,0
9022,0,1,54,2,113024,1,1
43689,0,0,55,1,157940,1,2
79256,0,0,48,1,130082,1,2
63139,0,1,26,1,94650,0,2
45296,1,0,42,2,113190,0,0
2805,1,1,34,1,147626,2,2
763,0,0,36,1,119804,1,1
21710,0,1,50,2,135376,1,1
9449,1,1,57,2,187835,1,1
37560,0,0,27,0,118499,1,1
54729,1,1,22,1,119511,1,2
59935,1,1,32,3,171052,2,2
76827,0,0,35,1,118288,1,2
18361,0,0,31,0,98102,1,0
99908,0,1,49,2,84267,0,0
88809,1,0,25,1,93526,0,0
29906,1,0,41,1,78963,0,0
89973,1,1,46,2,153880,1,0
65087,0,1,28,1,94518,1,0
70913,1,1,59,2,162591,1,1
95206,0,0,54,1,132367,1,2
41642,0,1,28,1,69046,0,0
66563,1,1,55,2,172639,2,2
19988,0,0,31,0,132950,1,2
76054,1,1,42,2,199654,1,2
34020,1,1,26,1,223185,2,1
14019,0,0,35,1,102839,0,0
21544,1,1,21,1,93916,1,2
30143,1,1,58,2,87058,0,0
23008,0,0,40,1,104240,0,0
97978,0,0,39,1,112347,1,2
72523,0,1,29,1,115988,1,2
17386,1,1,27,1,93605,0,0
87869,0,0,30,0,140665,1,1
94391,0,0,31,0,171857,0,0
62155,0,0,32,0,120354,1,0
69535,0,0,52,1,159716,1,2
45808,0,0,68,2,135705,1,1
52561,0,0,33,1,139547,1,2
14776,0,0,35,1,105556,0,0
39390,1,1,32,1,139112,1,1
30688,0,0,39,1,116137,0,1
97035,0,1,31,1,87630,0,0
69964,1,1,43,2,126449,0,0
29891,0,1,23,1,66804,0,0
28060,1,1,23,1,70569,0,0
81587,1,1,23,1,107406,1,2
60801,0,0,42,1,78327,0,0
35705,0,1,24,1,129162,1,2
6056,0,0,22,0,99328,1,0
47514,1,1,27,1,85294,0,0
30967,0,1,26,1,71310,0,0
46996,1,1,37,1,137069,1,1
83150,1,1,38,2,135534,1,2
5601,0,0,37,1,268906,2,1
93249,1,1,36,1,104189,1,0
42634,1,1,33,1,81807,0,0
26268,1,1,27,1,87777,0,0
3733,1,1,20,1,154134,1,2
32417,1,1,31,1,106115,1,0
86829,1,1,28,1,129327,1,0
70492,1,1,44,2,108251,0,0
8275,0,0,26,0,153586,2,2
83254,0,0,23,0,101210,1,1
3323,0,1,42,1,176646,1,1
8512,1,1,65,3,145174,1,2
5438,1,1,22,1,85974,0,0
86221,0,1,40,1,75043,0,0
11856,1,1,26,1,96082,0,0
12223,0,0,48,1,142345,1,2
63375,1,1,29,1,94325,0,0
10160,1,1,23,1,138967,1,0
96127,1,1,44,2,77887,0,0
91172,1,1,21,1,126009,1,0
52579,0,0,36,1,116027,1,0
1436,1,1,24,1,176714,1,2
20822,1,1,29,1,162955,1,2
1958,0,0,32,0,111418,1,1
92118,0,0,49,1,127543,1,1
28874,0,0,35,1,123109,1,1
76828,0,1,20,1,101688,1,0
22920,0,0,42,1,133373,1,2
69307,1,1,56,2,166264,2,2
52744,0,0,51,1,172790,1,1
97055,1,0,38,1,92392,0,0
90703,1,0,34,1,120863,1,0
48527,1,1,36,1,135383,1,1
19526,0,0,63,2,128469,1,2
55890,0,0,35,1,141270,1,2
66141,0,1,27,1,89908,0,0
28703,1,1,25,1,104794,0,0
10940,0,0,41,1,162772,1,2
10234,1,1,24,1,87964,0,0
4301,1,1,27,1,123279,1,1
12590,0,1,26,1,177215,1,2
66472,0,0,30,0,112151,1,1
59519,1,1,23,1,153861,1,1
88194,0,0,33,1,151421,1,2
78343,0,0,39,1,91019,2,1
3736,0,1,38,1,130951,1,2
22682,0,0,42,1,77317,0,0
61564,1,1,46,2,160678,1,2
87499,0,0,33,1,81083,0,0
95915,1,1,52,2,95551,0,0
37566,0,0,57,2,281084,2,1
71596,1,1,27,1,115026,1,0
4459,0,0,39,1,93554,0,0
52070,1,0,49,1,97791,0,0
35099,1,1,26,1,70649,0,0
86160,0,0,47,1,131842,1,1
24258,0,0,23,0,96060,1,0
85224,1,1,22,1,59955,0,0
61375,1,1,30,1,178947,2,2
1581,0,0,32,0,141116,1,1
56379,1,0,24,1,107462,0,0
96551,1,1,31,1,95911,1,0
62471,0,0,38,1,136871,0,1
1345,1,1,30,1,189896,2,0
40563,0,1,27,1,67136,0,0
49520,0,1,27,1,63597,0,0
15778,1,1,26,1,107908,1,0
10425,1,0,34,1,114767,1,0
6135,1,1,29,1,111069,1,0
37800,0,0,26,0,126706,1,2
25064,1,1,57,2,155062,1,2
49284,0,0,63,2,273063,2,2
90149,0,0,38,1,104128,1,0
50653,0,0,29,0,230883,2,2
28981,0,0,74,2,192481,2,1
53846,1,1,34,1,149356,1,2
49287,1,1,23,1,64952,0,0
40028,1,1,29,1,145946,2,2
53023,1,0,31,0,99800,1,0
74348,0,0,37,1,105055,1,2
75124,1,0,42,1,78979,0,0
56892,0,0,51,1,155551,1,1
37325,1,1,33,1,42516,0,0
17755,0,0,35,1,127849,1,1
29712,0,0,31,0,82238,0,0
51680,1,1,54,2,56622,0,0
58119,1,1,25,1,121789,1,1
5065,1,1,26,1,69831,0,0
76922,0,1,26,1,171860,2,0
30689,1,1,32,1,99703,0,0
20208,0,0,54,1,118408,1,2
40560,0,1,61,2,175740,1,1
52049,1,1,26,1,108864,1,1
40938,0,0,52,1,108365,1,2
30773,1,1,34,1,97613,1,1
47875,1,0,35,1,68731,0,0
40372,1,1,24,1,102425,0,0
5981,0,0,38,1,106552,1,2
57340,1,1,26,1,51681,0,0
66843,0,1,31,1,81394,0,0
71971,0,0,70,2,224998,2,2
52482,1,1,44,2,143343,1,1
45562,0,0,46,1,148226,1,2
24806,1,1,21,1,92351,1,0
66107,0,1,66,2,152527,1,1
45203,0,0,48,1,94868,0,0
51093,0,0,38,1,124554,0,1
81068,0,0,40,1,134946,2,2
56497,0,1,25,1,68222,0,0
95148,0,1,24,1,118101,0,2
90640,0,0,24,0,65917,0,0
40452,0,0,39,1,81483,0,0
93932,0,0,36,1,118277,1,1
18486,1,1,32,1,88428,0,0
19122,0,0,36,1,118656,1,1
12820,0,0,29,0,109467,1,0
9067,1,1,24,1,65852,0,0
68731,1,1,28,1,122973,0,0
9356,1,0,48,2,109196,0,0
89758,0,1,27,1,65815,0,0
39490,0,1,25,1,149851,1,2
55693,0,1,23,1,105137,1,1
85385,0,0,42,1,223018,2,1
91187,1,1,23,1,65421,0,0
84474,0,0,35,1,182822,2,2
86455,1,1,40,1,70431,0,0
93828,1,1,37,1,116021,1,2
58755,0,1,40,1,78436,0,0
62463,0,0,60,2,89374,0,0
55305,1,1,39,1,81973,0,0
11978,1,1,43,2,85402,0,0
48098,0,0,74,2,122133,0,0
13556,0,0,34,1,75343,0,0
11620,0,0,29,0,117272,1,2
77912,0,1,26,1,97932,2,2
36438,1,1,25,1,108469,1,0
46265,1,1,48,2,101616,0,0
40962,1,0,35,1,86319,0,0
18589,0,1,43,2,145313,1,1
47087,1,1,28,1,95784,1,0
73935,0,0,49,1,121592,1,1
61749,1,1,32,1,108032,1,0
66533,1,1,24,1,97968,0,0
79583,0,0,26,0,60026,0,0
92654,0,0,34,1,147958,2,1
43924,0,0,42,1,159745,2,2
8900,1,1,23,1,113413,1,0
67531,0,0,30,0,154854,2,1
79054,1,0,40,1,95228,0,0
13351,0,1,44,2,160650,2,1
54615,0,1,37,1,152308,1,2
79160,1,1,65,3,69487,0,0
73867,0,0,40,1,115831,0,2
44983,0,0,28,0,141847,1,1
31790,1,1,25,1,113118,1,0
71553,1,1,63,2,134853,1,1
38629,1,1,24,1,62249,0,0
73613,1,1,26,1,97856,1,0
92226,0,0,36,1,102180,1,2
6613,0,0,24,0,96425,1,1
92246,1,1,36,1,135896,2,1
27267,1,0,40,1,82673,0,0
31888,0,0,32,0,148566,2,2
58316,0,1,35,1,157272,2,1
95419,0,1,29,1,106434,1,1
82221,0,0,31,0,69571,0,0
98719,0,0,21,0,227021,1,1
93503,0,0,31,0,144657,1,1
25844,1,0,66,3,131001,1,0
48445,0,0,64,2,130492,1,2
51128,1,1,45,2,85115,0,0
72193,0,0,44,1,133265,1,2
97954,1,1,30,1,165147,1,0
52508,1,1,28,1,133616,1,1
89574,1,1,32,1,120525,1,0
98484,0,1,47,2,149545,1,1
52585,1,1,31,1,118594,1,1
1091,1,1,35,1,107408,1,1
72285,0,0,30,0,149022,2,2
37435,0,0,46,1,103387,1,1
75946,0,0,30,0,250050,2,1
67745,1,1,22,1,66720,0,0
43944,1,0,33,1,71935,0,0
69840,0,0,34,1,87355,0,0
56001,0,1,53,2,159559,2,2
57793,0,0,42,1,126586,1,1
84420,0,1,29,1,103767,2,1
61565,0,0,23,0,167076,0,2
39112,0,0,35,1,172957,1,1
91459,0,1,62,2,152367,1,1
37744,0,0,36,1,124214,1,2
89071,0,0,32,0,114116,1,1
39012,0,1,40,1,71702,0,0
25532,0,0,32,0,69370,0,0
50524,0,1,26,1,68804,0,0
5907,1,1,23,1,70963,0,0
89894,1,1,25,1,109499,1,1
34131,0,0,24,0,66118,0,0
30996,0,1,20,1,95492,1,0
64144,0,0,58,2,124191,1,0
97041,0,1,29,1,154991,1,2
54077,1,1,40,2,86720,0,0
40353,1,1,23,1,96961,1,1
34528,1,1,23,1,101003,1,0
11840,0,0,34,1,102617,0,1
41505,1,1,24,1,94629,1,2
53690,1,1,26,1,97551,1,0
14663,0,1,20,1,98988,1,0
2130,0,0,24,0,123353,1,1
98634,0,0,41,1,114475,0,1
11728,1,0,50,1,93148,0,0
59619,0,0,48,1,94024,0,0
74774,0,0,27,0,131751,0,0
85382,1,1,22,1,109274,0,0
7257,0,0,65,2,117334,1,0
95877,0,0,58,1,149315,0,2
55043,1,1,34,1,110420,1,1
72800,0,0,40,1,140888,2,2
99144,1,1,36,1,85623,0,0
78141,1,1,47,2,161714,1,1
42227,0,0,33,1,87232,0,0
71932,0,1,24,1,129177,1,2
76268,0,1,47,2,110190,0,0
77901,1,1,39,1,97577,1,0
55657,1,1,66,3,133328,0,0
81695,1,1,30,1,116399,1,0
22193,0,0,27,0,70926,0,0
15767,0,0,24,0,164621,1,1
35397,0,0,35,1,144848,0,0
83597,0,0,26,0,99307,1,1
64007,0,0,65,2,84435,0,0
12647,0,1,52,2,137231,1,2
37686,0,0,41,1,134200,2,2
90180,0,1,34,1,175367,0,0
6510,0,0,31,0,137827,2,2
94464,1,1,28,1,178991,2,2
1465,0,0,36,1,115589,1,0
64,1,1,37,1,125359,0,0
11410,1,1,30,1,106577,1,1
43193,0,0,36,1,137342,2,2
78788,0,0,34,1,75626,0,0
61411,1,1,49,2,125665,1,1
19981,1,1,55,2,62393,0,0
76798,1,1,35,1,108272,1,1
34778,0,0,53,1,156495,1,1
79699,0,0,59,2,120160,1,0
64620,0,0,37,1,217450,1,1
61578,0,1,26,1,94134,1,0
55563,1,0,33,1,83429,0,0
28125,1,0,27,0,103787,1,0
4685,1,1,50,2,124777,1,1
70051,1,1,56,2,183765,1,1
84719,0,1,34,1,112777,1,0
58367,0,0,26,0,122693,1,0
29923,0,0,40,1,93183,0,0
61777,0,0,34,1,85685,0,0
53461,1,0,26,0,109250,1,0
58305,0,1,39,1,72385,0,0
23356,1,1,65,2,142193,0,1
5620,1,1,23,1,122850,1,0
32754,0,1,20,1,107270,1,2
82151,0,0,61,2,90709,0,0
61760,0,0,48,1,155708,1,1
5494,0,0,33,1,156794,1,1
50900,1,1,49,2,120207,1,0
18967,0,0,47,1,112227,2,1
82977,1,1,25,1,99583,1,1
71232,0,1,33,1,83687,0,0
38641,1,1,22,1,119684,1,2
81193,0,0,35,1,113878,1,2
9835,1,1,44,2,159246,1,2
9194,0,0,30,0,220050,2,2
11011,0,1,28,1,133582,1,0
21702,0,0,30,0,73401,0,0
91770,0,0,31,0,143385,1,2
68518,0,0,35,1,94554,1,1
50905,0,0,52,1,127609,0,1
4218,0,0,37,1,152401,2,1
39144,1,1,57,2,139641,0,0
62829,1,1,24,1,80962,0,0
85718,1,1,40,1,124001,0,0
74790,1,1,36,1,129304,0,0
12608,0,0,36,1,136689,2,2
67706,0,0,33,1,167939,2,1
99643,0,1,24,1,158421,1,0
99073,0,0,35,1,125387,1,2
45148,0,0,26,0,62027,0,0
31208,1,1,26,1,109063,1,0
14579,1,1,48,2,126154,0,0
66525,0,0,47,1,130344,1,2
21369,0,0,32,0,92257,1,2
51903,0,1,55,2,145781,1,2
99819,1,1,24,1,92498,1,0
61539,1,1,26,1,92385,0,0
68642,1,0,45,1,107387,1,0
78731,0,0,43,1,111563,1,0
86906,0,0,42,1,198029,2,2
52234,0,0,25,0,227385,1,2
75819,0,0,46,1,114254,1,1
10975,0,0,46,1,106576,1,1
21896,0,0,23,0,88260,0,0
58530,1,1,30,1,118642,1,0
84875,0,0,27,0,158147,1,2
73965,0,1,33,1,167763,1,1
54247,1,1,23,1,109700,1,0
16368,0,1,40,1,108278,1,1
4752,1,1,27,1,100644,1,0
34891,0,0,30,0,135894,1,2
33707,0,1,27,1,94947,1,0
48318,1,1,29,1,51496,0,0
94364,0,1,60,2,176372,1,1
50437,1,0,39,1,106037,1,1
18491,1,0,28,0,77206,0,0
18566,0,1,36,1,165340,1,1
96623,1,1,22,1,95712,1,1
55028,1,1,24,1,106629,1,2
77471,1,1,57,2,108945,0,0
91788,1,1,28,1,102697,1,0
67952,0,0,28,0,121432,0,2
33677,0,0,36,1,124445,1,2
7676,1,1,31,1,123257,1,0
86380,1,1,50,2,155122,1,2
86687,0,0,34,1,134794,1,2
51890,1,0,38,1,89309,0,0
27360,1,0,30,1,58207,0,0
99014,1,1,58,2,139229,0,1
69617,1,1,56,2,126531,1,1
46290,1,1,25,1,75184,0,0
85208,0,0,37,1,86967,0,0
34298,0,0,26,0,101270,1,0
85082,1,0,33,1,109489,1,0
70462,0,0,38,1,154339,1,2
7583,0,1,25,1,117641,1,2
50282,0,0,62,2,124723,1,2
42557,1,1,24,1,139896,1,2
7587,1,1,32,1,98573,1,0
22591,0,0,49,1,118571,2,2
7600,1,1,27,1,118613,1,1
13949,0,0,38,1,67110,0,0
74902,0,0,21,0,59127,0,0
15492,0,0,34,1,143979,2,2
10025,0,1,36,1,162521,1,2
63843,1,1,23,1,115681,1,1
98252,1,1,48,2,161116,1,1
95399,0,0,31,1,121852,0,1
74759,0,0,37,1,79594,0,0
19680,1,1,25,1,107321,1,0
34353,1,1,25,1,108522,1,0
30758,1,1,28,1,102899,1,1
91856,1,1,40,2,136812,1,2
48295,1,0,30,1,71167,0,0
64610,0,0,37,1,90418,0,0
85599,1,1,28,1,68389,0,0
11649,0,0,36,1,145385,2,1
5531,1,1,32,3,133235,1,2
33740,1,0,27,0,102531,1,0
47968,0,0,30,0,99066,1,2
81159,0,0,63,2,183178,1,1
95266,0,0,28,0,148363,1,0
54286,0,0,34,1,125187,1,1
90031,1,1,35,1,93495,0,0
45104,0,0,44,1,110009,1,2
7184,0,1,30,1,168763,2,1
36971,1,1,24,1,116473,0,0
67508,1,0,25,0,112924,1,0
24068,1,1,34,1,87801,0,0
32652,1,0,24,0,69419,0,0
26257,0,0,41,1,80232,0,0
41874,0,0,26,0,129864,1,1
86373,1,1,40,2,161194,1,1
85094,1,1,25,1,194461,2,2
21581,1,1,22,1,91359,1,1
85511,1,1,28,1,137188,1,1
79469,1,1,29,1,77532,0,0
34830,0,0,63,2,272314,2,2
24664,1,1,26,1,101783,1,2
58136,1,1,58,2,142335,0,1
54327,0,0,27,0,204723,1,2
88304,1,1,60,2,194532,2,1
19723,0,1,25,1,92366,1,2
90590,1,1,34,1,123089,1,0
25312,0,0,43,1,143734,1,1
67467,0,0,29,0,84531,0,0
47840,1,1,46,2,81200,0,0
11961,0,0,36,1,108432,0,0
70096,0,0,36,1,95438,1,2
9371,0,0,36,1,113405,2,2
90664,0,0,35,1,99401,1,0
88150,1,1,34,1,162180,2,0
9769,1,0,32,0,81907,0,0
33435,1,1,32,1,308491,2,1
92800,1,1,21,1,90656,1,1
33524,1,1,30,1,127299,1,1
36744,0,0,40,1,77720,0,0
24742,1,0,35,1,112723,1,0
40401,1,0,45,1,104754,0,0
68237,0,0,48,1,254449,2,1
28829,0,0,44,1,219319,1,0
36342,0,0,62,2,164816,2,1
14702,0,0,47,1,74511,0,0
19875,1,1,27,1,96952,1,0
25057,1,1,28,1,38980,0,0
54060,0,1,49,2,78296,0,0
47533,0,1,33,1,112227,1,0
54304,1,1,22,1,110835,0,0
59866,0,1,38,3,169324,2,2
41330,1,1,30,1,169102,1,1
71220,0,0,55,1,231992,2,2
92513,1,1,22,1,111600,1,0
94576,0,1,39,1,89097,0,0
52691,1,1,28,1,78322,0,0
26878,0,1,31,1,104406,1,1
20625,0,0,45,1,200298,1,1
81912,0,0,56,1,110605,1,1
14990,1,1,23,1,106043,1,0
78992,1,0,26,1,121377,1,0
1643,1,1,27,1,106625,0,0
55696,0,0,45,1,109329,0,0
10621,0,0,40,1,154031,2,1
9364,1,1,23,1,115240,0,0
33280,0,0,29,0,132852,1,0
93147,0,0,27,0,125190,2,1
87856,1,0,38,1,102855,1,1
78053,1,1,61,2,308529,2,2
71905,1,0,27,0,86462,0,0
20676,0,0,28,0,113212,1,0
13127,0,0,35,1,126054,0,0
336,0,0,46,1,130675,1,2
8005,1,1,30,1,108838,1,2
15073,1,0,25,1,85569,0,0
43880,0,0,50,1,122830,1,1
28970,0,0,36,1,150158,2,2
24560,0,1,36,1,123133,1,2
50965,0,0,53,1,177179,1,1
53734,0,0,66,2,178967,2,0
96059,1,1,61,2,97558,0,0
11398,0,0,41,1,120387,1,0
21652,1,1,42,2,218664,2,2
75564,1,1,23,1,61211,0,0
87564,0,0,32,0,126368,1,0
29992,0,0,44,1,126906,0,2
77451,1,0,35,1,84851,0,0
12793,0,0,33,1,98498,0,1
94916,1,1,33,1,103091,0,0
13971,0,0,28,0,133898,1,1
65403,1,1,27,1,104467,1,0
52153,1,1,31,1,93171,0,0
68851,1,1,35,1,107509,1,1
64676,1,1,27,1,116708,1,1
90290,0,0,43,1,140795,1,0
28949,0,1,28,1,146463,1,2
62797,0,0,33,1,88211,0,0
78512,1,1,28,1,88858,0,0
36920,1,1,28,1,84582,0,0
69000,1,1,35,1,125470,0,0
7262,0,0,46,1,73703,0,0
93960,1,1,28,1,133799,1,2
23867,1,1,40,2,137115,0,0
40291,1,1,26,1,95159,1,1
53500,0,0,33,1,115835,1,2
77543,1,1,26,1,95748,1,1
85379,1,0,47,1,123525,0,0
67088,0,0,39,1,139198,2,1
10483,1,1,54,2,170644,2,2
36009,0,1,26,1,112369,0,1
11894,0,1,34,1,157376,1,0
61873,0,0,26,0,113515,1,1
56769,0,1,43,2,279593,2,2
53709,1,1,21,1,107779,1,1
34289,1,1,28,1,164915,1,0
97837,0,0,28,0,69588,0,0
42824,1,1,35,1,106515,1,2
50083,0,0,40,1,151914,2,1
75962,0,0,31,0,160279,1,2
33492,1,1,31,1,156700,1,1
53624,1,1,24,1,107114,1,2
68233,0,0,38,1,115964,0,2
47077,0,0,40,1,71302,0,0
89432,1,1,32,1,109324,1,1
91850,0,0,64,2,136312,0,2
41041,0,0,49,1,178549,1,2
19096,1,0,45,2,92342,0,0
67700,1,1,67,3,128053,1,0
41426,0,0,63,2,122267,1,2
7694,1,1,51,2,157595,2,1
33963,1,1,31,1,78758,0,0
21815,0,1,30,1,134467,2,2
8352,0,0,47,1,88157,0,0
12136,0,0,43,1,121517,1,1
1008,1,1,30,1,106876,1,1
75109,0,1,28,1,129055,1,2
17745,1,1,31,1,119673,1,0
85628,1,1,32,1,87494,0,0
34538,0,0,29,0,75160,0,0
78113,0,1,32,1,107195,1,0
6937,1,1,31,1,120030,1,0
96888,1,1,71,3,211572,2,1
9826,0,0,30,1,110929,1,1
93514,1,1,70,3,167532,1,1
13450,1,1,27,1,110154,1,0
5224,0,0,27,0,125598,1,1
91168,1,1,24,1,181003,0,0
72115,1,0,36,1,119560,1,0
37272,0,1,35,1,134112,1,1
40396,0,0,38,1,114476,1,1
39071,0,1,67,3,71823,0,2
1593,0,0,68,2,148675,0,1
62046,0,0,43,1,147745,2,2
60197,1,1,60,2,128271,1,1
82179,0,0,22,0,114584,1,2
29035,0,0,42,1,125804,1,2
79416,0,0,38,1,159500,2,2
64057,0,1,46,2,124824,1,2
216,0,0,35,1,121974,1,0
68497,0,0,53,1,160164,2,1
18139,0,0,37,1,89946,0,0
92562,0,1,43,2,280566,2,2
72106,0,0,43,1,123202,1,2
19931,0,0,39,1,84779,0,0
20460,1,1,42,2,146117,1,1
88330,0,0,27,0,106623,1,1
80155,0,0,24,0,168147,1,2
74386,0,1,46,2,168904,2,1
33898,0,1,51,2,133623,1,1
64207,0,1,21,1,96769,1,2
83097,0,0,64,2,159378,2,2
13957,0,1,61,2,130788,0,0
55546,0,0,50,1,121400,1,1
31211,1,1,35,1,92194,0,0
35482,0,0,40,1,104405,0,0
26238,1,0,26,0,64860,0,0
69979,0,0,37,1,104349,0,1
67644,0,0,63,2,138644,1,0
95226,0,0,26,0,131122,1,0
51540,0,0,27,0,139119,1,1
76732,1,1,57,2,62002,0,0
62939,1,0,44,1,122180,1,0
49076,1,1,27,1,125760,1,0
45463,1,1,30,1,140673,1,1
29628,1,1,34,1,78281,0,0
7149,1,1,25,1,124359,1,0
7447,0,0,38,1,81870,0,0
84335,1,1,25,1,117758,1,1
51668,0,0,36,1,127833,1,2
22090,1,1,22,1,103201,1,0
93740,0,0,26,0,107091,0,0
71531,1,1,48,2,116235,0,0
67624,0,1,28,1,174646,2,0
72602,0,0,27,0,164559,1,1
28659,1,1,30,1,207262,1,0
4891,1,1,44,2,261952,2,2
23342,0,0,37,1,119276,1,1
95269,0,0,24,0,70978,0,0
71915,0,0,32,0,121347,1,1
89237,0,0,53,1,207783,2,1
80847,1,0,26,1,115531,1,1
79716,1,1,26,1,99953,0,0
62412,0,0,36,1,130987,2,1
17336,0,1,26,1,107276,1,1
62366,0,1,36,1,159646,1,1
38698,1,1,33,1,112422,1,1
19148,1,1,26,1,161323,2,1
39487,1,1,26,1,66645,0,0
87612,1,1,29,1,95200,1,1
88862,0,1,20,1,107779,1,2
48119,1,1,46,2,192698,2,1
29352,1,1,30,1,140741,1,0
29410,0,0,54,1,125517,1,0
45184,0,0,30,0,143082,1,2
59156,1,0,38,2,116816,0,0
51808,0,0,45,1,104355,0,0
33789,1,1,30,1,118677,1,0
73552,0,0,45,1,135043,1,1
98616,0,0,34,1,145896,2,2
22604,0,0,37,1,115426,0,0
74767,1,1,29,1,98204,1,0
13569,1,0,50,1,113308,1,0
78536,1,1,30,1,122420,1,0
48070,0,1,40,1,107710,1,1
90903,0,0,33,1,121890,1,1
59250,1,0,26,1,108323,1,0
58613,1,1,34,1,125351,1,0
48072,1,1,23,1,109175,1,1
42912,0,1,28,1,110103,1,0
38614,1,1,26,1,127455,1,0
597,0,0,51,1,115996,1,1
74248,1,1,36,1,81609,0,0
83303,1,1,42,2,128462,1,2
32755,0,0,43,1,77205,0,0
68265,1,1,56,2,173378,2,2
9232,1,1,26,1,57165,0,0
58656,1,1,19,1,99519,1,1
67987,0,0,24,0,107633,1,1
49513,1,1,24,1,209856,2,1
95862,1,1,27,1,131542,2,1
27246,1,0,35,1,102781,1,0
37262,0,0,43,1,118446,1,1
62493,0,0,34,1,145059,2,0
50983,0,1,44,2,131619,1,0
10995,1,1,22,1,137925,1,0
3219,0,0,34,1,151754,2,1
53555,0,1,27,1,106955,1,2
33029,1,1,22,1,107394,0,0
8008,1,1,35,1,122110,1,0
93091,0,1,47,2,82240,0,0
56646,1,1,23,1,97115,1,2
1518,1,1,22,1,102480,1,2
69159,0,0,35,1,135090,1,0
91682,0,0,48,1,118777,1,1
31892,0,0,29,0,222360,2,2
44458,1,1,64,3,142280,1,0
39846,0,0,37,1,140341,1,2
86874,1,1,26,1,109887,1,0
53369,0,0,68,2,125903,1,2
91838,0,1,65,3,69487,0,2
56257,1,1,27,1,123411,1,1
46845,1,1,29,1,214204,1,2
92846,1,1,26,1,141825,1,1
85582,1,0,34,1,36760,0,0
72362,1,0,28,1,82351,0,0
66041,1,1,24,1,122846,1,1
19602,1,1,25,1,125168,1,1
37376,1,0,35,1,85381,0,0
31290,0,0,34,1,170184,1,1
3577,0,0,63,2,124849,1,2
20945,0,0,49,1,100961,0,0
97107,0,1,28,1,177291,1,2
74732,0,0,73,2,192167,2,1
15479,0,0,37,1,154196,2,2
38494,0,0,23,0,71076,0,0
92426,0,1,22,1,100273,1,2
28946,0,0,50,1,126143,1,1
50353,1,1,27,1,98611,0,0
27854,0,0,40,1,107125,1,0
9531,1,1,27,1,106446,1,1
33374,1,1,32,1,121428,1,0
21240,1,1,26,1,192451,1,2
91503,0,0,31,0,120719,1,0
7034,1,1,36,1,105681,1,2
44168,0,0,32,0,128310,1,0
54647,0,0,35,1,113187,0,0
18181,0,0,35,1,85033,0,0
17949,1,1,31,1,119167,1,0
81615,0,1,33,1,110844,1,2
89732,0,1,27,1,180940,2,1
39514,1,1,23,1,107205,1,1
87040,0,1,28,1,114503,1,1
2866,0,0,58,2,267872,1,1
54429,0,0,49,1,188594,1,1
94251,0,0,33,1,112093,1,0
90155,0,0,65,2,120780,1,2
58198,0,0,39,1,189963,1,2
91154,1,1,23,1,84611,0,0
12110,1,1,46,2,121501,1,0
59513,0,0,39,1,124089,1,0
62804,1,1,34,1,143319,1,0
62739,0,0,42,1,77933,0,0
51163,0,0,35,1,102042,1,0
48896,1,0,28,0,108645,0,0
90041,1,0,20,0,60965,0,0
99203,0,1,33,1,107158,1,1
70843,0,0,43,1,133243,1,2
39206,1,1,31,1,106637,1,0
32286,0,0,43,1,107099,1,1
68035,0,1,41,1,93372,0,0
22658,0,0,29,0,103439,1,0
4238,1,1,32,1,123707,1,0
8047,0,0,57,2,165519,1,2
56700,0,0,36,1,71909,0,0
50855,0,1,41,1,112818,1,0
50366,1,1,45,2,262634,2,2
10032,1,0,31,1,117971,1,0
14256,0,0,65,2,136812,1,1
69129,0,0,27,0,64954,0,0
53405,1,1,28,1,144448,2,1
71864,0,0,28,0,81878,0,0
48028,0,0,20,0,128678,1,1
21837,0,0,40,1,160524,1,1
14753,0,0,23,0,107961,0,0
39087,0,0,28,0,81069,0,0
83945,0,0,44,1,147511,1,1
83642,0,1,37,3,170113,2,2
99006,0,0,34,1,152371,1,1
9695,1,1,22,1,108687,1,2
23120,0,0,42,1,162869,1,1
80622,0,0,29,0,117372,1,2
65131,1,0,38,1,81014,0,0
5594,0,1,33,1,79867,0,0
93510,0,0,37,1,107073,1,0
89801,0,0,38,1,147760,2,1
29278,1,1,32,1,99327,1,0
84460,0,0,43,1,131133,1,0
72835,0,1,23,1,111862,1,1
42719,0,0,29,0,196568,1,2
45136,0,1,26,1,130921,1,0
74077,0,1,30,1,102374,1,0
48372,0,0,39,1,118913,0,0
39981,1,1,34,1,125372,0,0
30110,0,0,25,0,108960,0,0
75874,0,0,37,1,119602,0,0
63649,0,1,33,1,108694,1,0
15245,1,1,24,1,109486,1,0
96084,0,0,40,1,68475,0,0
17555,1,1,26,1,69333,0,0
32131,0,0,65,2,129838,1,1
88296,0,0,22,0,107780,1,2
10147,1,1,29,1,99556,1,0
61073,1,0,21,0,67629,0,0
83043,1,1,64,3,131242,1,0
15883,0,0,35,1,83687,0,0
81073,0,1,32,1,80080,0,0
3957,1,1,27,1,92304,0,0
69217,0,1,28,1,92849,1,0
52887,1,0,28,0,72869,0,0
61111,0,0,64,2,117842,0,0
62158,0,0,41,1,139236,1,1
20857,0,1,28,1,106222,1,0
53459,1,1,25,1,142438,1,2
30344,1,0,42,1,77393,0,0
7469,1,1,58,2,104013,0,0
1787,0,0,25,0,100449,1,2
59375,0,1,24,1,63442,0,0
99107,0,0,31,1,157453,2,1
78565,0,0,67,2,124670,1,2
1488,0,1,32,1,146519,2,1
74168,0,1,48,2,213768,2,2
95971,0,0,33,1,135765,1,2
29446,0,0,36,1,105519,1,0
8272,0,0,25,0,147402,1,2
36651,1,1,25,1,106567,0,0
24298,1,1,63,2,82734,0,0
54009,1,0,40,1,79076,0,0
89396,1,1,21,1,92442,0,0
76722,1,1,25,1,97376,0,0
81339,0,0,51,1,155486,1,2
23623,0,0,34,1,119307,1,1
8849,1,1,23,1,85967,0,0
6992,0,0,37,1,173751,2,2
97904,0,0,32,0,116348,1,0
17958,1,1,30,1,101153,1,1
9321,1,1,23,1,112728,1,1
34604,1,0,50,1,119068,1,0
58301,1,1,45,2,260847,2,2
93711,1,1,48,2,118788,0,0
76454,0,1,27,1,105197,1,0
77580,1,0,37,1,127206,1,0
75637,0,0,42,1,223630,2,2
63411,0,0,38,1,222294,2,2
50673,0,1,35,1,122895,1,1
82136,1,1,41,1,97006,0,0
30356,0,0,38,1,96681,0,0
51495,1,1,27,1,38247,0,0
24550,0,0,26,0,128580,1,2
64550,0,0,39,1,115363,1,1
50369,1,1,25,1,103651,0,0
73211,0,0,24,0,68250,0,0
2922,0,1,42,2,121307,1,0
19353,0,1,46,2,149419,1,1
55171,0,0,49,1,108079,0,0
91165,1,1,58,2,100210,0,0
27716,0,0,25,0,146349,1,0
71964,0,0,28,0,61824,0,0
54550,0,0,33,1,108899,1,0
5201,1,1,29,1,114784,1,0
78906,1,1,24,1,122492,1,1
29571,1,0,22,1,103776,0,0
71001,0,0,23,0,237799,1,1
48449,0,0,32,0,100215,1,2
87291,0,1,44,2,280570,2,2
56793,0,1,30,1,145800,2,0
2969,0,0,64,2,103941,0,0
86945,0,0,43,1,116512,1,0
86223,0,0,36,1,151781,2,2
80248,0,0,60,2,166298,2,1
76995,0,0,35,1,144004,1,2
85991,0,0,21,0,128350,1,2
20057,0,0,40,1,121448,1,2
92588,0,0,51,1,121751,0,0
72165,0,0,23,0,117804,1,1
75430,1,1,21,1,108518,1,2
66357,1,1,41,2,127752,1,2
14129,1,1,46,2,98517,0,0
40533,0,0,65,2,285647,2,2
28789,1,0,25,0,46865,0,0
52958,0,0,34,1,113572,1,1
4960,1,1,39,2,89665,0,0
98845,1,1,76,3,170366,2,1
68768,1,1,39,2,86152,0,0
77507,1,0,30,0,88652,0,0
9547,1,1,27,1,68834,0,0
57842,1,1,29,1,108434,1,2
27763,1,1,27,1,94884,1,0
46855,1,1,24,1,97826,1,0
89708,1,1,29,1,125621,0,0
96279,0,0,28,0,116848,1,1
6331,1,1,23,1,104094,1,2
13687,1,1,29,1,123818,1,0
10905,1,1,23,1,60825,0,0
19394,1,0,46,1,78754,0,0
10018,1,1,26,1,116048,1,1
32975,0,0,24,0,130808,1,0
93775,1,1,39,2,115099,0,0
32703,1,1,37,1,145140,1,1
27773,1,1,27,1,40606,0,0
25314,0,0,27,0,208446,2,2
31347,1,1,46,2,136735,0,0
2281,0,0,40,1,179790,2,2
12959,0,1,31,1,124203,1,1
46080,0,0,24,0,44742,0,0
50551,0,0,27,0,144332,2,2
67691,1,1,27,1,122649,1,1
90676,0,0,48,1,94962,0,0
36904,0,1,40,1,175223,2,1
12980,0,0,31,0,97785,1,1
52625,0,0,27,0,104196,0,0
27122,0,0,51,1,112250,1,1
82314,0,0,40,1,72193,0,0
85393,0,1,24,1,155104,1,1
67288,0,0,63,2,96145,0,0
46032,1,0,32,0,114588,1,0
19078,0,1,45,2,135332,1,1
80817,0,0,30,0,162745,1,2
59377,1,1,24,1,103181,1,1
5725,0,0,35,1,137000,2,2
70061,0,0,30,0,97680,1,0
61691,0,1,22,1,109188,1,0
36406,0,1,62,2,169044,1,1
50343,0,0,47,1,91858,0,0
54188,1,1,26,1,96219,1,0
27075,1,0,42,1,110509,1,0
10944,0,0,31,0,200621,2,2
2209,1,0,49,1,92281,0,0
18206,0,0,24,0,153286,1,1
39464,0,0,50,1,176645,1,2
17402,1,1,41,1,115892,1,0
60864,0,0,53,1,169076,1,1
98227,0,0,27,0,64105,0,0
98009,0,0,30,0,235660,2,2
79423,1,1,22,1,109676,1,0
64209,1,1,33,1,136260,1,1
91880,1,0,32,1,98023,1,0
66793,0,0,57,2,154344,2,1
50753,0,0,26,0,159739,1,1
83594,0,0,31,0,132991,1,1
6907,0,0,38,1,84254,0,0
54801,0,0,56,1,168714,1,1
71292,0,0,42,1,92430,0,1
44090,0,1,23,1,84747,0,0
75913,1,1,28,1,112521,1,0
60063,0,0,42,1,146237,1,1
99729,0,0,61,2,145227,0,1
61016,0,1,26,1,72429,0,0
84859,1,0,25,1,104696,1,0
29441,1,1,25,1,115833,1,1
10753,0,0,30,0,131433,2,0
94431,0,0,31,0,111369,NA,0
71250,0,0,29,0,85476,0,0
62640,0,0,25,0,92020,1,2
87386,1,0,23,0,95541,1,0
70511,1,1,23,1,97518,0,0
97283,0,1,45,2,116484,1,2
82662,0,0,30,0,95682,1,2
89886,0,0,21,0,65827,0,0
23765,1,1,54,2,190518,1,0
91381,1,1,29,1,41680,0,0
97697,0,0,38,1,147472,1,0
9611,0,0,44,1,110374,0,0
60601,0,0,40,1,103963,1,0
44758,0,0,29,0,89170,0,0
37878,1,1,18,1,97741,1,1
41044,1,1,29,1,119439,1,0
92124,0,0,30,0,169405,1,2
83899,1,0,35,1,116176,0,0
16931,0,0,31,0,86400,0,0
10100,0,0,26,0,88027,1,2
70836,0,0,32,0,160513,2,2
63253,1,1,26,1,118372,1,1
20562,0,0,68,2,74525,0,0
98782,1,1,31,1,104074,1,1
83733,1,1,23,1,108539,1,2
51852,0,0,45,1,128052,1,2
72799,1,1,37,1,170386,1,1
95729,1,1,63,2,86273,0,0
31264,1,1,24,1,95186,1,1
8289,0,0,50,1,114997,1,1
15350,0,1,46,2,120499,1,0
83788,1,0,24,0,67936,0,0
96437,0,1,25,1,102937,1,2
73123,1,1,75,3,170113,2,1
17824,1,1,26,1,114977,1,0
94675,1,1,64,3,134377,1,0
23129,1,1,35,1,150797,1,0
15277,0,0,30,0,103069,1,1
27130,1,0,36,1,75297,0,0
13071,1,1,25,1,106987,1,0
42278,1,1,43,2,137689,1,0
29277,1,0,32,0,68347,0,0
69690,1,1,24,1,113004,1,1
80221,1,1,26,1,123895,1,0
49494,0,0,35,1,112979,1,0
32945,1,1,25,1,120723,1,1
99279,1,1,54,2,125302,1,1
66139,0,1,40,1,157231,1,1
66495,1,1,48,2,157305,1,2
59365,0,0,46,1,192379,2,2
40047,0,0,20,0,88559,1,1
42806,0,0,37,1,83660,0,0
9467,0,0,49,1,154778,1,2
17957,0,1,21,1,88475,1,1
81750,1,1,42,2,219451,2,2
801,1,1,57,2,125883,1,2
1237,1,1,27,1,116103,1,2
19677,0,0,66,2,157299,2,2
5547,1,1,24,1,97909,0,0
44861,0,0,27,0,172153,2,2
89545,1,1,41,2,135959,0,0
96496,0,0,40,1,144704,2,1
90880,0,0,46,1,152383,1,2
97746,0,0,38,1,138011,2,1
91808,0,0,44,1,181262,2,2
19490,0,0,23,0,133912,1,1
55228,1,1,67,3,171052,2,0
6234,1,1,41,1,128163,1,0
13084,0,1,34,1,110145,1,2
23310,1,1,43,2,108725,0,0
71366,0,1,26,1,101511,1,2
50881,0,0,32,0,152876,1,2
95069,1,1,26,1,116688,1,1
51497,1,1,23,1,87227,0,0
48177,0,1,39,1,68264,0,0
18444,0,0,32,0,220923,1,2
52774,0,0,40,1,109992,1,2
32568,0,0,65,2,178591,1,2
41794,1,1,36,1,110221,1,1
20492,0,0,51,1,124990,1,2
71145,0,1,29,1,107514,1,2
79417,0,1,25,1,106253,1,0
51130,0,0,36,1,129789,1,1
97323,0,0,37,1,114552,1,2
98258,1,1,42,1,130740,1,0
94097,1,0,25,0,72188,0,0
8609,0,0,44,1,122292,0,1
37606,0,0,42,1,125516,1,2
27994,0,0,55,1,159303,1,1
44826,0,0,31,0,117813,1,0
23269,0,1,31,1,115369,1,2
32203,0,0,36,1,153441,1,0
64263,0,0,32,0,129975,2,2
55545,0,0,52,1,95639,0,0
54066,0,0,30,0,163329,2,1
48754,1,0,30,1,110455,1,0
9079,0,0,53,1,125550,1,0
97533,0,0,52,1,93706,0,0
23655,0,0,29,1,135605,0,1
62154,1,1,55,2,165717,2,2
57148,0,0,38,1,81155,0,0
44447,0,0,34,1,112538,0,1
98293,0,0,31,0,115075,1,0
96657,0,0,26,0,58258,0,0
423,0,1,45,2,72215,0,0
19962,0,0,32,1,142870,2,2
93177,1,1,40,1,103907,1,0
704,0,0,30,0,112401,1,1
74996,0,0,36,1,244541,2,2
29550,1,1,26,1,105726,1,0
33503,1,1,27,1,67041,0,0
43290,1,1,24,1,78762,0,0
47938,0,0,64,2,125119,0,2
2140,0,1,32,1,136638,2,1
23881,0,1,32,1,132587,1,2
22531,1,1,59,2,62101,0,0
57372,0,0,22,0,103519,1,0
62198,1,1,71,3,133245,0,0
75128,1,1,23,1,86015,0,0
22246,1,1,20,1,113472,0,0
69357,1,1,22,1,105257,1,1
79358,1,1,27,1,94095,0,0
30284,0,0,39,1,140182,1,0
7816,0,0,38,1,124487,1,0
47988,1,1,33,1,104755,1,0
68228,0,0,39,1,130500,0,0
15824,0,1,43,2,159880,2,1
12070,0,0,44,1,134918,1,2
26073,0,0,32,0,111082,1,2
40642,1,1,27,1,120262,1,0
72620,1,1,29,1,120157,1,0
4581,1,1,27,1,67965,0,0
73979,0,0,40,1,106120,1,0
90686,0,0,47,1,137338,1,2
51615,0,0,36,1,195465,2,2
73503,0,0,24,0,85270,0,0
93327,0,0,31,0,145670,1,1
20349,0,0,22,0,101185,1,1
39807,1,1,27,1,145373,1,1
76139,0,1,49,2,124658,1,2
59549,1,1,42,2,82558,0,0
52908,1,1,24,1,62335,0,0
77678,0,0,35,1,150237,2,2
12259,0,0,51,1,126246,2,1
7615,0,1,23,1,90051,1,1
97199,0,0,27,0,59881,0,0
12412,0,0,63,2,175882,1,0
15427,0,0,48,1,159714,1,2
17069,0,0,60,2,193879,1,1
93094,1,1,50,2,93390,0,0
1244,1,0,31,1,89287,0,0
76790,0,0,52,1,159216,1,1
56602,1,0,40,1,94674,0,0
56718,0,0,35,1,118879,1,2
21106,1,1,62,2,163940,1,1
34362,0,0,41,1,69062,0,0
95589,1,1,26,1,128140,1,2
24603,1,1,38,1,46297,0,0
17792,0,0,34,1,105843,1,2
90010,1,1,27,1,107485,1,1
58809,0,1,30,1,103699,1,1
69045,1,1,26,1,82984,0,0
31265,1,1,27,1,117744,1,0
61390,1,1,25,1,79045,0,0
77086,0,0,48,1,89804,0,0
28980,1,0,31,1,113108,1,0
25711,1,1,26,1,106470,1,1
75357,0,1,28,1,98964,1,2
11098,1,0,26,0,70905,0,0
38160,0,0,40,1,144850,1,1
85124,1,1,24,1,84228,0,0
11329,1,1,21,1,70170,0,0
9287,1,0,44,1,76057,0,0
45622,1,1,22,1,102000,1,0
18636,1,1,25,1,89331,0,0
19192,0,0,42,1,77472,0,0
47078,0,1,29,1,106828,1,2
35638,1,1,36,1,133615,1,0
2713,1,1,37,1,129058,1,0
99624,0,1,55,2,172909,1,0
17091,0,0,57,2,82277,0,0
35462,1,1,33,1,43805,0,0
24520,1,1,26,1,129022,1,0
22757,1,1,24,1,106970,0,0
60926,0,0,42,1,102133,1,1
76421,0,0,49,1,89210,0,0
67894,0,0,41,1,69609,0,0
34683,0,0,50,1,123641,1,1
20806,1,0,41,1,133131,1,0
20370,0,0,36,1,130603,2,2
58801,0,1,48,2,111184,1,1
51090,0,0,42,1,119926,1,0
42206,1,0,51,1,101074,0,0
2329,0,1,24,1,121757,0,2
62923,0,0,43,1,119502,1,2
20386,1,0,38,1,87670,0,0
62119,1,1,31,1,183657,1,1
68423,1,1,27,1,114775,1,0
6777,0,0,32,0,145933,1,1
35461,1,1,42,1,50947,0,0
95948,1,1,27,1,111567,1,2
7366,1,0,35,1,86221,0,0
37053,1,0,56,2,139427,0,0
38774,0,0,46,1,134433,1,2
47947,0,0,43,1,135275,0,0
85351,1,1,42,2,163025,1,1
47957,1,1,25,1,105104,1,1
45536,1,1,34,1,136975,1,1
77437,0,0,47,1,177509,1,2
82390,1,1,31,1,78489,0,0
49632,1,0,38,1,103926,1,0
58619,0,0,41,1,143994,2,2
45744,1,1,23,1,153539,1,1
59320,0,0,41,1,182274,1,1
851,0,0,41,1,131020,1,2
61317,0,0,71,2,170387,1,2
61255,1,0,28,1,101948,1,0
73332,1,1,31,1,103012,0,0
9975,0,0,24,0,171584,1,1
40793,1,1,20,1,147687,1,2
56696,0,0,31,0,117158,1,0
80306,0,1,46,2,202997,2,1
49837,1,1,37,1,107409,1,0
36705,1,1,30,1,176057,2,1
93805,0,0,42,1,156431,0,1
67513,1,1,25,1,111502,0,0
5535,1,1,40,2,107585,1,2
69992,0,1,28,1,214620,2,1
1055,1,1,25,1,112785,1,1
48625,0,1,40,1,161999,2,1
92079,0,0,49,1,121466,1,2
1817,0,0,24,0,63987,0,0
42266,0,0,30,0,180196,2,2
28326,1,1,29,1,115832,1,0
98254,0,0,22,0,131699,1,1
76390,0,1,22,1,131170,1,2
43577,0,0,29,0,87598,0,2
78265,1,1,23,1,97307,1,0
55664,1,1,24,1,123994,1,0
83975,1,1,58,2,108442,0,0
10864,1,0,25,1,93233,0,0
20522,0,0,34,1,149782,1,1
8777,1,1,64,3,145174,1,0
20927,1,1,25,1,124750,1,1
54834,1,0,48,1,107757,0,0
7889,0,0,50,1,168637,1,1
85263,0,0,33,1,155870,2,2
17903,1,1,28,1,91084,1,1
50118,0,1,28,1,139414,1,2
4453,0,0,25,0,71159,0,0
12371,1,1,29,1,111992,1,0
9499,1,1,26,1,77519,0,0
1950,0,1,26,1,94986,1,2
21078,0,0,61,2,166410,2,1
74672,1,0,38,1,67861,0,0
49805,0,1,61,2,151591,0,0
87463,0,0,25,0,157434,1,2
50164,1,1,27,1,82357,0,0
26980,0,0,32,0,129630,1,2
14363,0,0,38,1,74666,0,0
25379,0,0,38,1,146529,1,2
69171,1,0,52,1,113619,1,0
30993,0,0,25,0,89534,1,1
1419,1,1,25,1,122552,1,2
87137,1,0,50,1,112204,0,0
76022,1,1,28,1,78942,0,0
18321,0,0,48,1,171203,2,2
40619,0,0,27,0,147968,1,1
39615,1,1,18,1,100924,1,0
43653,0,1,41,2,205476,2,1
56366,1,1,73,3,214126,2,1
78126,0,0,50,1,138752,1,0
39189,1,1,51,2,97729,0,0
3570,1,1,23,1,98742,0,0
17672,1,1,52,2,159052,2,1
63372,1,1,43,1,48632,0,0
93031,0,0,66,2,164931,2,2
11682,1,1,31,1,110040,1,1
73263,0,0,32,0,122612,1,2
4467,1,1,26,1,114830,1,0
78441,0,0,52,1,151947,2,2
52855,1,1,52,2,123194,1,0
90274,0,0,35,1,110159,1,0
25145,0,1,34,1,129654,2,2
42356,1,1,47,2,149306,1,0
1732,0,1,30,1,121038,1,2
65711,1,0,52,2,124196,0,0
61992,0,0,35,1,110442,1,0
57756,1,0,36,1,127926,0,0
93202,1,1,25,1,88672,0,0
14899,1,1,26,1,100892,1,0
152,1,1,24,1,116863,1,1
46917,1,1,35,1,125105,0,0
77683,1,1,32,1,127071,1,0
54190,1,1,20,1,102623,1,2
4359,1,1,30,1,93854,1,0
4278,0,1,31,1,106266,2,2
20174,1,1,26,1,100511,1,1
63087,1,1,25,1,95914,1,0
71013,0,0,34,1,151803,1,2
1144,1,1,26,1,125538,1,0
35225,0,0,28,0,122359,1,2
55830,1,1,20,1,110931,1,1
74928,1,0,32,1,45590,0,0
57625,0,0,28,0,58615,0,0
56981,1,1,53,2,117005,1,1
63564,1,1,25,1,104653,1,2
51482,0,1,62,2,174337,1,1
90983,0,1,36,1,104953,1,0
6539,0,1,31,1,169314,1,1
64048,1,1,57,2,194882,2,1
69363,0,0,39,1,152302,2,1
41503,1,1,32,1,136886,1,2
10708,0,0,24,0,84355,0,0
3498,0,0,26,0,105252,0,0
86390,0,1,36,1,170118,2,1
77902,0,0,36,1,208101,2,2
57787,0,0,34,1,88701,0,0
21830,0,0,49,1,122346,1,1
63630,1,1,35,1,137705,1,1
93204,0,0,27,0,112470,1,1
69437,0,1,43,2,82082,0,0
81071,0,0,43,1,115393,1,1
13887,1,1,26,1,110913,1,0
3765,1,1,39,1,80014,0,0
96824,0,1,32,1,117796,0,2
43113,1,1,26,1,169991,2,0
57562,1,1,29,1,121914,1,0
15500,0,0,25,0,109751,1,2
65784,1,1,25,1,110019,1,2
34175,0,0,46,1,98520,1,2
68883,1,0,31,1,124110,1,0
32967,1,1,49,2,122158,0,0
60172,0,0,38,1,108784,1,2
97297,0,0,66,2,111858,0,0
62522,1,1,28,1,106873,1,1
75746,1,0,26,1,106559,0,0
92674,0,1,24,1,94249,2,2
5375,0,0,28,0,104263,1,1
37308,0,0,36,1,106205,1,1
73267,0,0,28,0,126060,1,2
94406,0,0,27,0,120131,1,1
77999,1,1,27,1,99100,1,0
68159,0,0,33,1,99646,1,0
32319,1,1,29,1,76154,0,0
93887,1,1,29,1,97731,1,1
97511,1,0,25,0,109610,0,0
43611,0,0,42,1,125482,1,2
78239,0,0,51,1,141858,2,2
12841,1,0,40,1,122593,1,0
73947,0,0,42,1,194084,1,2
60552,1,0,36,1,124759,1,0
71561,1,1,39,2,118610,1,2
44350,0,1,21,1,114756,0,0
48665,1,1,32,1,123983,1,0
77038,1,1,41,2,166933,2,2
95403,1,1,23,1,86488,0,0
63783,1,1,67,3,135300,1,0
44297,0,1,31,1,106924,0,1
71110,0,0,47,1,241068,1,1
87569,0,0,38,1,123003,1,2
7155,1,0,43,1,79353,0,0
36621,0,0,24,0,63506,0,0
12975,1,1,20,1,95355,1,1
16797,1,1,26,1,121423,0,0
14059,1,1,32,1,130870,1,1
28411,1,0,48,2,110223,0,0
47122,1,1,25,1,94075,1,0
1206,1,0,41,1,113521,1,0
18853,1,0,26,1,84555,0,0
89953,1,1,45,2,109807,0,0
89014,1,1,27,1,101620,0,0
95577,1,1,67,3,166712,1,1
63272,1,1,45,2,169020,2,2
51543,0,0,40,1,94189,0,0
32518,1,1,31,1,110610,1,2
99337,0,1,44,2,146716,1,1
95721,1,1,26,1,104484,1,0
85204,1,1,21,1,68790,0,0
78229,0,0,31,0,153353,1,1
69264,0,1,27,1,66764,0,0
21678,1,1,32,1,104957,1,1
4687,0,0,50,1,201656,2,2
45811,1,0,21,1,124468,1,0
25466,0,1,27,1,120674,1,1
24945,0,0,30,0,90719,1,2
59337,1,1,49,2,101734,0,0
22402,0,0,25,0,68416,0,0
1819,1,1,30,1,121399,0,0
77318,0,0,27,0,123191,1,2
78506,1,1,34,1,92652,0,0
76441,1,1,23,1,101350,1,0
33262,1,0,28,1,57480,0,0
93681,0,0,48,1,108678,1,1
32182,1,0,21,1,100591,0,0
38807,1,1,30,1,103326,1,1
77839,0,0,40,1,76881,0,0
45607,1,1,26,1,92559,0,0
82615,1,1,29,1,100093,1,1
39593,0,0,38,1,163451,1,1
60299,1,1,29,1,98612,0,0
22097,0,0,34,1,175800,0,1
5711,0,0,39,1,244716,2,2
82153,0,0,40,1,92567,0,0
9699,1,1,41,2,81743,0,0
31425,1,1,36,1,104235,1,1
9381,1,1,27,1,107932,0,0
66842,1,0,38,1,84653,0,0
29989,1,1,20,1,115445,1,1
44192,0,0,34,1,123243,1,1
7065,1,1,23,1,97307,1,0
5635,0,0,26,0,107508,1,2
31435,0,0,24,0,92542,1,1
41046,0,0,41,1,183312,2,2
95966,1,1,21,1,139379,1,0
28969,0,1,64,2,154549,1,1
52449,0,1,28,1,112515,1,1
62123,1,1,37,1,90815,0,0
24341,0,0,67,2,135567,1,1
25729,0,1,28,1,165190,2,0
74269,1,1,62,2,140178,0,1
39805,1,1,26,1,114369,1,1
65077,0,0,25,0,66628,0,0
48655,1,1,64,2,153645,1,2
251,1,1,50,2,147603,1,0
54385,1,0,49,2,118396,0,0
93183,1,1,30,1,100195,1,1
40030,1,1,57,2,107142,0,0
9086,1,1,37,1,149465,1,1
92648,0,0,35,1,120426,1,0
91638,1,1,28,1,129640,1,2
54399,0,0,38,1,128100,1,0
89319,0,0,31,0,210017,2,2
21556,1,1,20,1,131370,1,2
90322,0,0,46,1,113495,0,0
27807,0,0,33,1,115403,1,1
75779,1,0,24,1,80830,0,0
56390,0,0,31,1,138906,1,2
15398,0,0,38,1,195328,2,2
63093,1,1,49,2,106960,0,0
82475,0,0,26,0,70336,0,0
10489,0,0,47,1,136138,1,1
33689,1,1,54,2,51882,0,0
6536,0,0,47,1,165495,1,2
16909,1,1,40,2,199711,1,2
77627,0,0,26,0,83442,0,0
97871,1,1,35,1,173124,1,1
68238,0,1,46,2,122299,1,0
99194,0,0,36,1,156374,1,2
19816,1,1,45,2,120262,0,0
25473,1,1,27,1,100762,1,1
21904,1,1,24,1,69021,0,0
94172,0,0,53,1,170622,1,1
29003,0,0,24,0,110446,1,0
78874,0,1,31,1,89335,0,0
983,1,1,31,1,175530,2,1
73582,0,0,39,1,183108,2,2
68040,0,0,47,1,85690,0,0
440,1,1,26,1,82940,0,0
32851,1,1,28,1,151580,2,2
55662,1,1,42,2,158405,1,0
68971,0,0,41,1,118742,1,0
95958,1,1,23,1,95003,1,1
40864,1,1,27,1,88001,0,0
40371,0,0,45,1,113414,1,0
98288,1,0,61,2,113290,0,0
62061,1,1,30,1,100313,1,0
12599,1,0,21,1,108029,1,0
7057,1,1,24,1,98922,1,0
74561,1,0,22,1,63635,0,0
70060,1,1,22,1,92538,1,0
51541,0,0,66,2,157576,2,2
6501,1,1,42,1,46109,0,0
70706,1,0,57,2,110372,0,0
38369,0,0,49,1,109053,1,0
9322,1,1,27,1,64472,0,0
41489,1,1,25,1,126041,1,0
90593,0,0,38,1,102846,1,0
88454,0,0,20,0,116582,2,2
78050,1,1,28,1,115809,1,1
74287,0,0,43,1,112878,1,0
50861,0,0,45,1,159757,2,2
87802,1,0,45,2,126986,0,0
45392,0,1,23,1,69997,0,0
87069,0,1,35,1,112975,1,0
38877,0,0,49,1,122186,0,0
2264,1,1,29,1,138256,1,2
96838,0,0,74,2,89502,0,0
81970,0,1,57,2,144197,1,2
44445,0,1,25,1,62689,0,0
67665,0,0,64,2,122094,1,2
55371,1,1,34,1,111900,1,1
81580,0,0,35,1,124490,1,0
60814,0,0,44,1,109289,1,1
65904,1,1,62,2,152620,1,2
32225,1,0,26,1,100402,0,0
96513,1,0,35,1,53608,0,0
32210,1,1,53,2,211229,2,0
67188,0,1,32,1,178081,2,1
75924,1,1,29,1,126745,1,0
79042,1,1,33,1,84404,0,0
92993,0,0,58,2,268340,1,1
89884,1,1,27,1,114007,1,0
10053,1,1,54,2,174424,2,2
18866,1,1,32,1,124975,1,0
844,0,0,33,0,113619,1,0
97391,0,1,22,1,63972,0,0
64851,0,0,45,1,109698,0,0
11947,0,0,52,1,136323,1,2
18080,0,0,63,2,129798,1,1
41109,1,1,44,2,88490,0,0
46960,1,1,22,1,62381,0,0
35316,0,1,51,2,149510,1,2
17515,1,0,33,0,69523,0,0
73652,1,0,42,1,80116,0,0
10839,1,1,38,1,112124,1,0
2496,1,1,33,1,71070,0,0
10433,0,0,22,0,115691,1,2
5602,1,1,27,1,65560,0,0
8264,1,1,36,1,147691,1,1
82727,0,0,27,0,115638,1,0
20710,0,1,36,1,130602,1,1
99034,1,1,25,1,107614,1,1
90002,0,0,25,0,64037,0,0
23548,0,1,30,1,106597,1,0
98530,0,0,38,1,75705,0,0
52937,1,0,46,2,104751,0,0
30950,1,1,22,1,131445,1,1
80538,0,0,39,1,83342,0,0
16050,0,1,51,2,149653,1,1
83226,1,1,32,1,111174,1,1
15816,0,0,60,2,127371,1,0
31664,0,0,37,1,123452,1,2
53299,1,1,29,1,108400,1,2
78726,0,0,44,1,133658,0,0
93157,0,0,29,0,119429,1,1
1757,1,1,23,1,94324,1,1
5639,0,0,30,0,128639,1,1
31085,0,1,22,1,62263,0,0
61212,0,0,43,1,133105,1,0
89428,0,0,61,2,139380,1,1
95627,1,0,35,1,73266,0,0
70136,0,0,27,0,177757,1,1
65791,0,0,34,1,97474,2,2
5921,0,0,52,1,131021,1,2
76472,0,0,33,1,151339,2,1
44338,0,0,45,1,118006,1,1
63743,1,1,23,1,64811,0,0
68378,0,1,26,1,109890,1,1
44988,1,1,60,2,309364,2,2
1399,1,1,46,2,108291,0,0
24411,1,1,36,1,145231,1,1
80789,1,1,23,1,105365,1,1
35824,0,0,52,1,131727,1,2
56462,1,1,23,1,62618,0,0
97447,1,0,48,2,104833,0,0
85137,0,0,44,1,147967,1,2
32458,1,1,23,1,123625,1,0
6398,0,0,33,1,144597,1,1
31027,0,0,39,1,135837,2,2
67115,0,0,26,0,114514,1,1
64289,1,1,38,1,109311,1,2
16144,1,1,21,1,94655,1,1
16198,1,1,26,1,80540,0,0
96972,0,0,64,2,184680,1,1
87557,1,1,22,1,97757,1,2
3286,0,0,34,1,113609,1,1
35409,0,1,21,1,101471,2,1
89012,1,0,28,1,63882,0,0
46192,0,0,44,1,107301,1,2
92250,1,1,29,1,103526,1,0
91617,0,0,25,0,104505,0,0
99348,0,0,39,1,121313,1,1
45083,0,0,26,0,139157,1,2
18698,0,0,31,0,93648,1,2
47470,1,0,34,1,109195,1,0
45678,1,0,36,1,107372,0,0
99507,1,1,71,3,163654,1,1
36683,1,1,31,1,128495,1,0
63499,0,0,35,1,139844,2,2
61019,0,0,54,1,217651,2,2
28394,0,0,31,0,145689,1,0
46477,1,1,36,1,92723,0,0
19571,0,0,26,0,88027,1,2
85600,1,1,22,1,88800,1,2
4164,0,0,42,1,135493,1,2
10185,1,1,35,1,93155,0,0
48293,0,0,52,1,141271,2,2
85736,0,0,52,1,202575,2,2
77213,0,1,26,1,68468,0,0
19000,0,0,32,0,141922,1,2
785,1,1,30,3,169002,2,2
78400,0,0,38,1,116723,1,1
69420,1,1,21,1,82298,0,0
19121,1,0,28,1,111057,0,0
49318,0,0,27,0,104773,0,0
46880,0,0,36,1,126206,1,1
16728,1,0,20,1,91270,0,0
62022,0,0,46,1,127588,1,2
55736,1,1,37,1,124548,1,0
92920,0,0,40,1,201699,2,1
97806,0,0,50,1,169579,1,2
46261,1,1,23,1,99822,1,0
87960,1,1,60,2,189166,1,1
60611,1,1,26,1,105434,1,1
83457,0,0,41,1,69415,0,0
78847,1,1,25,1,89863,1,0
4007,1,1,31,1,102018,1,0
67679,1,0,41,1,83481,0,0
51947,0,0,34,1,116525,0,0
32752,0,0,54,1,128537,1,0
20832,1,1,28,1,122831,1,0
33926,0,0,28,0,92973,1,2
35090,0,0,32,1,114617,2,1
14280,1,1,34,1,108549,1,1
92147,0,0,29,0,94356,1,2
99560,1,1,28,3,130148,0,2
55415,0,1,20,1,89605,1,1
12958,1,1,23,1,132426,1,1
62422,1,1,23,1,235417,2,2
44696,1,0,23,0,65062,0,0
14901,0,0,29,0,111854,1,0
25214,0,0,35,1,187549,2,2
63312,1,1,61,2,134102,1,1
69531,0,1,33,1,103577,1,2
2891,1,1,26,1,54296,0,0
98112,0,0,37,1,141632,2,2
57848,0,0,24,0,99737,1,2
21334,0,0,63,2,138327,1,1
19737,0,1,41,1,110199,1,0
65960,1,1,35,1,167945,0,1
79748,0,0,22,0,91739,1,1
27593,1,1,33,1,120596,1,0
60195,0,0,59,2,136123,1,1
60301,1,1,33,1,111918,1,2
40954,0,1,40,1,85060,0,0
96632,0,0,23,0,108540,0,0
36051,1,1,34,1,90852,0,0
50998,0,1,27,1,94711,1,2
32150,0,0,33,1,106015,1,2
49994,1,1,28,1,154919,1,2
89485,1,1,36,1,81136,0,0
15695,0,0,27,0,77535,0,0
23835,1,1,21,1,120682,1,0
15051,1,1,34,3,134377,1,2
51032,1,0,37,1,95972,0,0
33084,0,0,36,1,158769,1,1
52667,0,1,45,2,215150,2,2
39052,1,0,37,1,123893,1,0
22755,0,0,36,1,120153,1,1
58713,0,0,31,0,69375,0,0
52735,1,1,55,2,126357,1,2
9867,0,0,26,0,103411,1,2
92604,1,0,37,1,82500,0,0
82570,0,0,40,1,74975,0,0
78749,1,1,27,1,91925,1,2
57955,1,0,46,1,72728,0,0
1724,0,0,28,0,114429,1,0
14368,0,1,22,1,126400,1,1
61624,0,1,21,1,112868,0,0
50568,1,1,23,1,135537,1,1
98816,1,1,24,1,150372,1,1
47810,0,0,46,1,157473,1,0
97478,1,0,25,1,106355,1,0
23362,1,1,50,2,105031,0,0
11713,0,0,36,1,103521,1,0
38311,1,0,49,1,122391,0,0
91542,1,1,29,1,122564,0,0
72254,1,1,37,1,95071,0,0
67731,1,0,33,1,138525,1,1
80428,1,1,27,1,109099,1,2
40782,0,1,33,1,110340,1,0
1910,1,1,36,1,107471,1,1
1308,0,0,36,1,96840,1,1
25720,0,0,35,1,181926,2,2
33922,1,0,35,1,137736,1,1
60869,1,1,25,1,99354,1,0
74190,0,0,33,1,88602,0,0
6545,0,0,47,1,110866,1,0
60066,0,1,21,1,121473,1,1
75038,1,1,24,1,127596,1,0
49843,0,0,23,0,95815,1,2
36295,0,0,48,1,124156,1,1
12894,1,1,35,1,118428,1,2
89971,0,0,39,1,153223,2,2
94633,0,1,54,2,149410,1,2
81637,1,0,24,1,109693,1,0
97961,1,1,25,1,100198,1,0
92212,0,0,33,0,118144,1,0
32815,1,1,35,1,75100,0,0
13813,1,1,27,1,102543,1,1
67442,0,0,33,1,95445,1,0
1487,0,0,51,1,126227,1,2
86153,0,0,23,0,151180,1,1
42342,0,0,60,2,166988,1,2
53247,0,0,30,0,151938,2,2
46224,1,1,22,1,61239,0,0
28255,0,0,39,1,80987,0,0
60140,0,1,30,1,90500,2,2
19725,0,0,25,0,103716,0,0
95668,0,0,48,1,117721,1,1
64153,1,1,24,1,84792,0,0
29052,1,1,32,1,125890,1,2
77997,0,0,41,1,71603,0,0
90263,0,0,42,1,142305,1,2
18295,1,1,28,1,127262,1,0
51579,1,1,23,1,109547,1,1
60319,1,1,50,2,128233,1,1
70411,1,1,23,1,99285,1,1
98939,1,1,58,2,126710,1,1
52243,0,0,42,1,145508,2,0
4103,1,1,37,1,102456,1,0
31626,0,0,35,1,51791,0,0
5737,0,0,38,1,98032,1,2
69953,0,0,37,1,111821,1,1
72093,1,1,21,1,113630,0,0
84109,1,0,22,1,105230,1,0
95801,0,1,25,1,70320,0,0
84615,1,0,25,1,136055,1,1
89873,0,0,36,1,149040,2,2
55742,0,1,39,1,108315,1,2
42671,0,1,22,1,116844,2,1
89369,1,1,24,1,68028,0,0
66112,0,0,50,1,114853,1,0
72526,0,1,34,1,112458,1,0
61416,0,0,57,2,281923,2,1
71995,0,0,35,1,137932,1,0
17673,1,1,34,1,153031,2,2
6701,0,0,37,1,187647,1,1
66166,1,1,25,1,102974,1,0
47368,1,1,33,1,106808,0,0
14341,1,1,30,1,114430,1,0
64968,0,0,32,0,139477,0,0
60406,1,1,27,1,141502,1,1
60762,0,0,51,1,132767,1,0
57342,0,0,25,0,43684,0,0
29819,0,0,42,1,107380,0,0
65487,0,0,22,0,128387,1,2
71754,1,1,29,1,109380,1,1
92113,1,1,27,1,35832,0,0
83828,0,1,25,1,68582,0,0
38679,1,1,33,1,131492,1,0
94931,1,1,24,1,120326,1,1
78107,0,1,28,1,97390,1,1
74748,1,1,26,1,117729,1,2
8121,1,1,23,1,88452,0,0
83564,1,1,26,1,109782,0,0
62496,0,0,23,0,67408,0,0
9999,0,0,37,1,124805,1,0
67888,0,0,26,0,124783,1,0
38135,1,1,28,1,116492,1,1
62325,0,0,50,1,150699,1,1
91875,1,1,28,1,130877,1,0
2716,0,0,47,1,73913,0,0
40678,1,0,27,1,126268,1,1
84341,0,0,37,1,160642,1,2
80057,1,0,70,3,69915,0,0
66591,0,0,39,1,115323,1,1
88507,1,1,24,1,115879,1,1
65629,0,0,46,1,127147,1,2
35408,0,0,41,1,123043,1,1
32546,1,0,23,1,115499,1,0
59895,0,0,31,0,114528,1,2
43890,0,0,24,0,66447,0,0
9964,0,0,47,1,144456,1,0
93717,1,0,31,0,76384,0,0
47467,1,0,29,0,85637,0,0
56158,0,0,32,0,67345,0,0
6416,0,0,68,2,287247,2,2
47116,0,0,26,0,124536,1,2
67323,0,1,27,1,95171,1,0
35512,0,1,30,3,131242,1,2
13690,0,1,56,2,108559,0,1
46327,1,1,38,1,260977,2,2
4603,1,1,41,2,112700,0,0
15703,0,0,36,1,154521,1,1
70877,1,1,26,1,86306,0,0
81421,0,0,47,1,95228,0,0
29416,0,0,32,1,97306,2,1
54328,0,0,37,1,124597,1,2
38899,1,1,26,1,113299,1,2
73840,0,0,27,0,59238,0,0
65117,0,0,26,0,111509,1,2
21536,0,0,21,0,103470,1,0
69856,0,1,29,1,89914,0,0
99806,0,0,35,1,106919,1,1
51925,0,0,37,1,124268,1,2
96252,1,1,28,1,116763,1,1
77327,1,1,45,2,134350,1,0
32141,0,0,35,1,143552,2,2
34828,0,0,38,1,215639,2,1
30435,0,0,41,1,139905,1,0
70658,0,0,37,1,88849,0,0
85684,0,1,31,1,139490,0,2
80272,0,0,33,1,162827,2,2
67045,1,0,36,1,130323,1,0
1148,1,1,27,1,110511,1,0
86134,0,0,45,1,127572,1,1
71108,0,0,42,1,130164,2,2
13376,1,1,21,1,63698,0,0
51625,1,1,74,3,214364,2,1
92597,1,0,28,0,117710,1,0
32528,0,1,30,1,123517,2,2
31235,1,1,27,1,100618,0,0
94243,1,1,25,1,162445,1,0
40553,1,1,25,1,112879,0,0
36078,1,0,40,1,98608,0,0
59772,0,0,35,1,115343,1,1
19947,0,0,33,0,117308,1,0
98199,0,0,61,2,129556,1,2
85259,1,0,28,1,141453,2,1
10550,1,1,26,1,106922,1,1
58805,NA,0,27,1,90654,0,0
76838,1,1,30,3,133328,0,2
32258,0,1,28,1,129600,1,0
868,0,0,52,1,137467,1,0
48200,0,0,71,2,192360,2,1
38476,0,0,32,1,137576,2,2
53794,0,1,27,1,129227,1,0
48155,1,1,43,2,167139,2,2
64301,0,0,28,0,120712,1,1
53714,1,0,36,1,100737,1,0
94411,1,1,25,1,115566,0,0
99927,0,0,31,0,111091,1,2
99478,0,0,30,0,133907,1,2
71941,1,1,28,1,124566,1,2
80156,1,1,26,1,53903,0,0
85317,0,0,40,1,167019,1,0
67277,0,0,35,1,121650,1,0
30153,0,1,22,1,139780,1,0
56008,0,0,57,1,125032,1,2
39688,0,1,40,1,77481,0,0
1407,0,0,67,2,112486,1,2
96855,1,1,26,1,106667,0,0
16904,0,0,31,0,77265,0,0
54901,0,0,63,2,135754,1,0
61299,0,0,47,1,148100,2,2
11168,0,0,39,1,93732,0,0
92000,0,0,40,1,158197,2,1
59048,0,0,26,0,88027,1,2
61457,1,1,67,3,144843,1,0
24241,1,1,24,1,99570,1,1
7900,0,0,27,0,139868,1,2
37968,1,0,35,1,113380,0,0
73080,0,0,36,1,149237,1,0
26042,0,0,27,0,97446,1,1
74080,0,0,47,1,116540,1,1
15559,1,1,24,1,49672,0,0
54613,1,1,21,1,194728,1,0
59067,1,1,25,1,104062,1,1
50994,1,0,27,1,100560,0,0
47486,1,0,29,1,78078,0,0
63420,1,1,27,1,124023,1,0
74713,0,1,35,1,140520,1,0
93651,0,0,31,1,143081,1,1
46529,0,1,43,2,203738,2,1
7857,1,1,40,1,86649,0,0
42923,0,1,21,1,115494,1,2
79524,0,0,34,1,205383,2,2
90218,1,0,57,2,113334,1,1
36451,0,1,25,3,214364,2,2
28380,1,1,31,1,138307,1,1
54250,0,1,30,1,113012,1,1
67529,1,0,31,0,72361,0,0
2696,0,0,21,0,59255,0,0
8590,0,0,40,1,144589,1,0
40649,1,1,25,1,87537,0,0
51708,0,1,33,1,109145,1,0
34191,0,0,42,1,98876,0,0
85577,0,0,30,0,104293,1,1
83928,0,0,28,0,101589,1,2
82166,1,1,32,1,82196,0,0
64893,1,1,29,1,98008,0,0
70609,1,1,43,2,101680,1,0
78359,0,0,44,1,113516,0,0
58193,1,0,27,1,78923,0,0
56407,0,0,53,1,149031,1,1
16871,0,0,49,1,143886,0,1
33605,0,1,27,1,121747,1,2
37037,1,1,36,1,121403,0,0
95728,1,1,19,1,101258,1,0
850,1,1,37,1,140285,1,1
80678,1,1,25,1,124539,1,1
36467,1,1,34,1,91282,0,0
344,0,0,45,1,221842,2,2
48530,1,1,42,1,113275,1,0
94076,1,1,23,1,112853,1,0
7203,1,0,19,1,91232,0,0
71248,1,1,27,1,101209,1,0
32143,1,1,28,1,96062,1,0
71817,0,1,48,2,190413,1,0
93823,1,1,22,1,119902,1,0
97129,0,0,23,0,69309,0,0
29406,0,0,66,2,126003,0,0
89065,0,0,29,0,102723,1,0
91354,0,0,68,2,287106,2,2
32766,0,0,35,1,193621,2,1
34326,0,1,36,1,180495,2,1
84981,0,1,33,1,129651,1,1
83630,1,1,24,1,66537,0,0
60798,0,1,25,1,65207,0,0
71022,1,1,65,2,135557,1,1
72073,1,1,23,1,114270,0,0
9416,0,0,42,1,120946,1,0
6436,1,1,43,2,147259,1,1
80652,1,1,35,1,124447,0,0
3550,0,1,31,1,109892,1,1
92159,0,1,33,1,117039,1,2
47158,1,1,53,2,126847,1,1
56098,0,0,25,0,136300,1,1
34624,1,1,44,2,108627,0,0
27382,1,1,67,3,128343,0,0
74864,1,1,29,1,102397,1,0
9488,0,0,45,1,108378,1,0
2134,0,0,48,1,148115,1,1
75099,1,1,44,2,193816,2,1
26886,1,0,58,2,141993,0,0
8073,1,0,25,0,68051,0,0
3360,1,1,27,1,115934,0,0
58167,0,0,46,1,150465,2,1
38433,1,1,26,1,71021,0,0
26010,0,0,36,1,105240,1,1
43761,0,0,38,1,175504,2,1
54993,1,1,26,1,101159,1,1
